{
    "CompileStatus": "Successful",
    "stat": {
        "mopSpeed": 18417.272356939178,
        "ru_self_cgstart": {
            "ru_utime_sec": 0.068391999999999994,
            "ru_stime_sec": 0.058029999999999998,
            "ru_nivcsw": 44,
            "ru_maxrss_kb": 67944,
            "ru_minflt": 22278,
            "ru_majflt": 0,
            "ru_nvcsw": 239
        },
        "cpu_cycles_end": 7972138951235046,
        "mop/quad": 1.9522727272727274,
        "ru_childs_cgstart": {
            "ru_utime_sec": 0.012978999999999999,
            "ru_stime_sec": 0.017871000000000001,
            "ru_nivcsw": 6,
            "ru_maxrss_kb": 21748,
            "ru_minflt": 6337,
            "ru_majflt": 0,
            "ru_nvcsw": 17
        },
        "cpu_cycles_cgstart": 7972138192067402,
        "totalObjSize": 121162,
        "nMops": 859,
        "nQuads": 440,
        "ru_childs_end": {
            "ru_utime_sec": 0.015502999999999999,
            "ru_stime_sec": 0.024601000000000001,
            "ru_nivcsw": 8,
            "ru_maxrss_kb": 22132,
            "ru_minflt": 6926,
            "ru_majflt": 0,
            "ru_nvcsw": 22
        },
        "Frontend(%)": 63.565134518638885,
        "outputSizePerQuad": 275.36818181818182,
        "ru_self_end": {
            "ru_utime_sec": 0.112509,
            "ru_stime_sec": 0.080990000000000006,
            "ru_nivcsw": 48,
            "ru_maxrss_kb": 75168,
            "ru_minflt": 24973,
            "ru_majflt": 0,
            "ru_nvcsw": 329
        },
        "cpu_cycles_total": 2270437438,
        "quadSpeed": 9433.7599965695445,
        "CodeGen(%)": 36.434865481361115,
        "peak_mem_kb": 221528,
        "realTime": 0.66391897201538086
    },
    "MlibObjs": {},
    "CurCompileUdps": {},
    "PrevCompiledModules": {
        "binary_counter_tb": {
            "IKqKV_d": {
                "bytes": 22056,
                "mod": "binary_counter_tb",
                "mode": 4,
                "checksum": 0,
                "archive": "archive.54/_2914_archive_1.a",
                "out": "IKqKV_d.o"
            }
        },
        "...MASTER...": {
            "amcQw_d": {
                "bytes": 7510,
                "mod": "...MASTER...",
                "mode": 4,
                "checksum": 0,
                "out": "objs/amcQw_d.o"
            }
        }
    },
    "PEModules": [],
    "CompileProcesses": [
        "cgproc.2914.json"
    ],
    "cycles_program_begin": 7972136680797608,
    "perf": [
        [
            0.040024995803833008,
            0.037527999999999999,
            0.017721000000000001,
            206208,
            206876,
            1644817108.537446,
            7972136765738680,
            "doParsingAndDesignResolution",
            "entry"
        ],
        [
            0.051629066467285156,
            0.039063000000000001,
            0.020496,
            206424,
            207072,
            1644817108.5490501,
            7972136806367532,
            "doParsingAndDesignResolution",
            "exit"
        ],
        [
            0.064483880996704102,
            0.039347,
            0.021187000000000001,
            206556,
            207072,
            1644817108.5619049,
            7972136851416920,
            "doPostDesignResolutionToVir2Vcs",
            "entry"
        ],
        [
            0.081297874450683594,
            0.041848000000000003,
            0.023015999999999998,
            208012,
            208016,
            1644817108.5787189,
            7972136910386000,
            "doUptoVir2VcsNoSepCleanup",
            "entry"
        ],
        [
            0.34158992767333984,
            0.064010999999999998,
            0.045721999999999999,
            209152,
            221528,
            1644817108.839011,
            7972137822741992,
            "doUptoVir2VcsNoSepCleanup",
            "exit"
        ],
        [
            0.34182286262512207,
            0.064147999999999997,
            0.04582,
            209152,
            221528,
            1644817108.8392439,
            7972137823443900,
            "doRadify_vir2vcsAll",
            "entry"
        ],
        [
            0.36528301239013672,
            0.068003999999999995,
            0.050487999999999998,
            209152,
            221528,
            1644817108.862704,
            7972137905739274,
            "doRadify_vir2vcsAll",
            "exit"
        ],
        [
            0.36541986465454102,
            0.068084000000000006,
            0.050547000000000002,
            209152,
            221528,
            1644817108.8628409,
            7972137906161060,
            "doPostDesignResolutionToVir2Vcs",
            "exit"
        ],
        [
            0.36554598808288574,
            0.068084000000000006,
            0.050673000000000003,
            209152,
            221528,
            1644817108.862967,
            7972137906540144,
            "doGAToPass2",
            "entry"
        ],
        [
            0.44687795639038086,
            0.068269999999999997,
            0.057925999999999998,
            207596,
            221528,
            1644817108.944299,
            7972138191671912,
            "DoPass2",
            "entry"
        ],
        [
            0.61711502075195312,
            0.106174,
            0.078069,
            213432,
            221528,
            1644817109.114536,
            7972138788074494,
            "DoPass2",
            "exit"
        ]
    ],
    "incremental": "on",
    "LVLData": [
        "SIM"
    ],
    "NameTable": {
        "binary_counter_tb": [
            "binary_counter_tb",
            "IKqKV",
            "module",
            1
        ],
        "...MASTER...": [
            "SIM",
            "amcQw",
            "module",
            2
        ]
    },
    "CompileStrategy": "fullobj",
    "cpu_cycles_pass2_start": 7972138191756530,
    "SIMBData": {
        "out": "amcQwB.o",
        "bytes": 99106,
        "archive": "archive.54/_2914_archive_1.a",
        "text": 0
    },
    "CurCompileModules": [
        "...MASTER...",
        "binary_counter_tb",
        "binary_counter_tb"
    ],
    "Misc": {
        "vcs_build_date": "Build Date = Aug 15 2018 23:36:09",
        "daidir": "simv.daidir",
        "vcs_version": "N-2017.12-SP2-2_Full64",
        "archive_dir": "archive.54",
        "master_pid": 2914,
        "cwd": "/home/users7/kg867678/527LSP22/Lab2",
        "VCS_HOME": "/opt/synopsys/vcs-mx/N-2017.12-SP2-2",
        "csrc_abs": "/home/users7/kg867678/527LSP22/Lab2/csrc",
        "csrc": "csrc",
        "daidir_abs": "/home/users7/kg867678/527LSP22/Lab2/simv.daidir",
        "default_output_dir": "csrc"
    },
    "rlimit": {
        "data": -1,
        "stack": -1
    }
}