{
    "SIMBData": {
        "out": "amcQwB.o",
        "archive": "archive.39/_27310_archive_1.a",
        "bytes": 96946,
        "text": 0
    },
    "cycles_program_begin": 6002294109225842,
    "perf": [
        [
            0.051149845123291016,
            0.041236000000000002,
            0.018103000000000001,
            205932,
            206600,
            1652726872.0557079,
            6002294225681908,
            "doParsingAndDesignResolution",
            "entry"
        ],
        [
            0.090337991714477539,
            0.067205000000000001,
            0.02307,
            206588,
            207236,
            1652726872.0948961,
            6002294362962974,
            "doParsingAndDesignResolution",
            "exit"
        ],
        [
            0.10470890998840332,
            0.069111000000000006,
            0.02307,
            206756,
            207236,
            1652726872.109267,
            6002294413436886,
            "doPostDesignResolutionToVir2Vcs",
            "entry"
        ],
        [
            0.12604379653930664,
            0.073107000000000005,
            0.026962,
            207952,
            207956,
            1652726872.1306019,
            6002294488182888,
            "doUptoVir2VcsNoSepCleanup",
            "entry"
        ],
        [
            0.44436287879943848,
            0.108485,
            0.044235999999999998,
            209456,
            222476,
            1652726872.448921,
            6002295603618342,
            "doUptoVir2VcsNoSepCleanup",
            "exit"
        ],
        [
            0.44450187683105469,
            0.108584,
            0.044276999999999997,
            209456,
            222476,
            1652726872.44906,
            6002295604047676,
            "doRadify_vir2vcsAll",
            "entry"
        ],
        [
            0.48008990287780762,
            0.114227,
            0.046109999999999998,
            209456,
            222476,
            1652726872.484648,
            6002295728787240,
            "doRadify_vir2vcsAll",
            "exit"
        ],
        [
            0.48017096519470215,
            0.114286,
            0.046133,
            209456,
            222476,
            1652726872.4847291,
            6002295729003120,
            "doPostDesignResolutionToVir2Vcs",
            "exit"
        ],
        [
            0.48023486137390137,
            0.114331,
            0.046151999999999999,
            209456,
            222476,
            1652726872.4847929,
            6002295729213404,
            "doGAToPass2",
            "entry"
        ],
        [
            0.55936598777770996,
            0.115552,
            0.050885,
            207900,
            222476,
            1652726872.5639241,
            6002296006584266,
            "DoPass2",
            "entry"
        ],
        [
            0.78202700614929199,
            0.16548599999999999,
            0.066405000000000006,
            217824,
            222476,
            1652726872.7865851,
            6002296786762028,
            "DoPass2",
            "exit"
        ]
    ],
    "stat": {
        "cpu_cycles_cgstart": 6002296006840660,
        "ru_self_cgstart": {
            "ru_utime_sec": 0.115647,
            "ru_stime_sec": 0.050927,
            "ru_nvcsw": 269,
            "ru_minflt": 23336,
            "ru_maxrss_kb": 70592,
            "ru_majflt": 0,
            "ru_nivcsw": 1166
        },
        "ru_childs_cgstart": {
            "ru_utime_sec": 0.014465,
            "ru_stime_sec": 0.017798999999999999,
            "ru_nvcsw": 17,
            "ru_minflt": 6337,
            "ru_maxrss_kb": 22720,
            "ru_majflt": 0,
            "ru_nivcsw": 6
        },
        "nMops": 3065,
        "mopSpeed": 57260.821641414623,
        "ru_childs_end": {
            "ru_utime_sec": 0.014465,
            "ru_stime_sec": 0.023213000000000001,
            "ru_nvcsw": 22,
            "ru_minflt": 6925,
            "ru_maxrss_kb": 23096,
            "ru_majflt": 0,
            "ru_nivcsw": 8
        },
        "nQuads": 1367,
        "outputSizePerQuad": 115.88295537673739,
        "totalObjSize": 158412,
        "quadSpeed": 25538.513273674973,
        "ru_self_end": {
            "ru_utime_sec": 0.16917399999999999,
            "ru_stime_sec": 0.068726999999999996,
            "ru_nvcsw": 377,
            "ru_minflt": 26432,
            "ru_maxrss_kb": 79660,
            "ru_majflt": 0,
            "ru_nivcsw": 1174
        },
        "mop/quad": 2.2421360643745429,
        "realTime": 0.82875180244445801,
        "cpu_cycles_end": 6002296949957624,
        "CodeGen(%)": 29.147947875995833,
        "cpu_cycles_total": 2840731782,
        "Frontend(%)": 70.85205212400416,
        "peak_mem_kb": 222476
    },
    "NameTable": {
        "RAM_tb": [
            "RAM_tb",
            "PF5iH",
            "module",
            1
        ],
        "SRAM1RW1024x8_1bit": [
            "SRAM1RW1024x8_1bit",
            "q4pYg",
            "module",
            2
        ],
        "...MASTER...": [
            "SIM",
            "amcQw",
            "module",
            4
        ]
    },
    "MlibObjs": {},
    "PEModules": [],
    "PrevCompiledModules": {
        "saed32_dff_pos_lvt": {
            "saed32_dff_pos_lvt": {
                "bytes": 0,
                "mod": "saed32_dff_pos_lvt",
                "out": "objs/udps/Z0GwU.o",
                "mode": 4
            }
        },
        "SRAM1RW1024x8_1bit": {
            "q4pYg_d": {
                "archive": "archive.39/_27310_archive_1.a",
                "bytes": 10654,
                "mod": "SRAM1RW1024x8_1bit",
                "mode": 4,
                "checksum": 0,
                "out": "q4pYg_d.o"
            }
        },
        "saed32_xbuf_lvt": {
            "saed32_xbuf_lvt": {
                "bytes": 0,
                "mod": "saed32_xbuf_lvt",
                "out": "objs/udps/Gjg4Z.o",
                "mode": 4
            }
        },
        "...MASTER...": {
            "amcQw_d": {
                "bytes": 7502,
                "mod": "...MASTER...",
                "mode": 4,
                "checksum": 0,
                "out": "objs/amcQw_d.o"
            }
        }
    },
    "CompileStrategy": "fullobj",
    "Misc": {
        "vcs_version": "N-2017.12-SP2-2_Full64",
        "vcs_build_date": "Build Date = Aug 15 2018 23:36:09",
        "master_pid": 27310,
        "daidir_abs": "/home/users7/kg867678/527LSP22/Lab10/simv.daidir",
        "VCS_HOME": "/opt/synopsys/vcs-mx/N-2017.12-SP2-2",
        "cwd": "/home/users7/kg867678/527LSP22/Lab10",
        "csrc_abs": "/home/users7/kg867678/527LSP22/Lab10/csrc",
        "daidir": "simv.daidir",
        "default_output_dir": "csrc",
        "csrc": "csrc",
        "archive_dir": "archive.39"
    },
    "cpu_cycles_pass2_start": 6002296006637932,
    "incremental": "on",
    "CurCompileUdps": {},
    "CurCompileModules": [
        "...MASTER...",
        "...MASTER...",
        "RAM_tb",
        "RAM_tb",
        "SRAM1RW1024x8_1bit",
        "SRAM1RW1024x8_1bit"
    ],
    "LVLData": [
        "SIM"
    ],
    "CompileProcesses": [
        "cgproc.27310.json"
    ],
    "rlimit": {
        "data": -1,
        "stack": -1
    },
    "CompileStatus": "Successful"
}