{
    "cycles_program_begin": 5529527637163858,
    "perf": [
        [
            0.045235157012939453,
            0.035548999999999997,
            0.021329000000000001,
            206208,
            206876,
            1644120014.5035231,
            5529527740621512,
            "doParsingAndDesignResolution",
            "entry"
        ],
        [
            0.052093982696533203,
            0.036831000000000003,
            0.023390999999999999,
            206408,
            207056,
            1644120014.5103819,
            5529527764619408,
            "doParsingAndDesignResolution",
            "exit"
        ],
        [
            0.065850019454956055,
            0.037347999999999999,
            0.023861,
            206544,
            207056,
            1644120014.524138,
            5529527812834726,
            "doPostDesignResolutionToVir2Vcs",
            "entry"
        ],
        [
            0.088072061538696289,
            0.040883000000000003,
            0.027595999999999999,
            207720,
            207724,
            1644120014.54636,
            5529527890991474,
            "doUptoVir2VcsNoSepCleanup",
            "entry"
        ],
        [
            0.30184602737426758,
            0.064542000000000002,
            0.043027999999999997,
            209120,
            221496,
            1644120014.760134,
            5529528640102014,
            "doUptoVir2VcsNoSepCleanup",
            "exit"
        ],
        [
            0.30207705497741699,
            0.064682000000000003,
            0.043121,
            209120,
            221496,
            1644120014.760365,
            5529528640800948,
            "doRadify_vir2vcsAll",
            "entry"
        ],
        [
            0.32644009590148926,
            0.070969000000000004,
            0.045162000000000001,
            209120,
            221496,
            1644120014.7847281,
            5529528726255754,
            "doRadify_vir2vcsAll",
            "exit"
        ],
        [
            0.32657694816589355,
            0.071053000000000005,
            0.045215999999999999,
            209120,
            221496,
            1644120014.7848649,
            5529528726708008,
            "doPostDesignResolutionToVir2Vcs",
            "exit"
        ],
        [
            0.32670903205871582,
            0.071053000000000005,
            0.045347999999999999,
            209120,
            221496,
            1644120014.784997,
            5529528727081108,
            "doGAToPass2",
            "entry"
        ],
        [
            0.44508194923400879,
            0.072146000000000002,
            0.049866000000000001,
            207564,
            221496,
            1644120014.9033699,
            5529529141733466,
            "DoPass2",
            "entry"
        ],
        [
            0.60497093200683594,
            0.10044,
            0.072659000000000001,
            213384,
            221496,
            1644120015.0632589,
            5529529702284126,
            "DoPass2",
            "exit"
        ]
    ],
    "CompileStrategy": "fullobj",
    "cpu_cycles_pass2_start": 5529529141771072,
    "MlibObjs": {},
    "PrevCompiledModules": {
        "binary_counter_tb": {
            "IKqKV_d": {
                "bytes": 14812,
                "mod": "binary_counter_tb",
                "out": "IKqKV_d.o",
                "mode": 4,
                "checksum": 0,
                "archive": "archive.58/_28690_archive_1.a"
            }
        },
        "...MASTER...": {
            "amcQw_d": {
                "bytes": 7510,
                "mod": "...MASTER...",
                "out": "objs/amcQw_d.o",
                "mode": 4,
                "checksum": 0
            }
        }
    },
    "SIMBData": {
        "out": "amcQwB.o",
        "bytes": 98982,
        "text": 0,
        "archive": "archive.58/_28690_archive_1.a"
    },
    "LVLData": [
        "SIM"
    ],
    "rlimit": {
        "stack": -1,
        "data": -1
    },
    "NameTable": {
        "binary_counter_tb": [
            "binary_counter_tb",
            "IKqKV",
            "module",
            1
        ],
        "...MASTER...": [
            "SIM",
            "amcQw",
            "module",
            2
        ]
    },
    "stat": {
        "ru_childs_cgstart": {
            "ru_utime_sec": 0.030476,
            "ru_stime_sec": 0.035556999999999998,
            "ru_maxrss_kb": 21652,
            "ru_minflt": 6337,
            "ru_nivcsw": 6,
            "ru_majflt": 0,
            "ru_nvcsw": 17
        },
        "Frontend(%)": 73.586555344537203,
        "ru_self_cgstart": {
            "ru_utime_sec": 0.072203000000000003,
            "ru_stime_sec": 0.049904999999999998,
            "ru_maxrss_kb": 67320,
            "ru_minflt": 22296,
            "ru_nivcsw": 30,
            "ru_majflt": 0,
            "ru_nvcsw": 212
        },
        "cpu_cycles_cgstart": 5529529141896106,
        "outputSizePerQuad": 410.80866425992781,
        "nMops": 582,
        "CodeGen(%)": 26.413444655462794,
        "totalObjSize": 113794,
        "nQuads": 277,
        "ru_self_end": {
            "ru_utime_sec": 0.10695,
            "ru_stime_sec": 0.076241000000000003,
            "ru_maxrss_kb": 74428,
            "ru_minflt": 24959,
            "ru_nivcsw": 34,
            "ru_majflt": 0,
            "ru_nvcsw": 303
        },
        "ru_childs_end": {
            "ru_utime_sec": 0.032585000000000003,
            "ru_stime_sec": 0.037665999999999998,
            "ru_maxrss_kb": 22028,
            "ru_minflt": 6926,
            "ru_nivcsw": 8,
            "ru_majflt": 0,
            "ru_nvcsw": 22
        },
        "cpu_cycles_end": 5529529870574898,
        "cpu_cycles_total": 2233411040,
        "mopSpeed": 15791.187323637936,
        "quadSpeed": 7515.7369220751007,
        "mop/quad": 2.1010830324909748,
        "peak_mem_kb": 221496,
        "realTime": 0.65327715873718262
    },
    "CompileProcesses": [
        "cgproc.28690.json"
    ],
    "CurCompileUdps": {},
    "incremental": "on",
    "CurCompileModules": [
        "...MASTER...",
        "binary_counter_tb",
        "binary_counter_tb"
    ],
    "PEModules": [],
    "Misc": {
        "vcs_version": "N-2017.12-SP2-2_Full64",
        "VCS_HOME": "/opt/synopsys/vcs-mx/N-2017.12-SP2-2",
        "vcs_build_date": "Build Date = Aug 15 2018 23:36:09",
        "master_pid": 28690,
        "csrc_abs": "/home/users7/kg867678/527LSP22/Lab1/csrc",
        "cwd": "/home/users7/kg867678/527LSP22/Lab1",
        "daidir": "simv.daidir",
        "csrc": "csrc",
        "daidir_abs": "/home/users7/kg867678/527LSP22/Lab1/simv.daidir",
        "default_output_dir": "csrc",
        "archive_dir": "archive.58"
    },
    "CompileStatus": "Successful"
}