{
    "Modules": {
        "...MASTER...": {
            "start_perf": [
                0.54038691520690918,
                0.065032000000000006,
                0.051804999999999997,
                207184,
                221116,
                1613882783.5241129,
                46899764361986206
            ],
            "nRouts": 5,
            "child_modules": {
                "Lab2_1_tb": 1
            },
            "nQuads": 0,
            "end_perf": [
                0.58983898162841797,
                0.065883999999999998,
                0.058323,
                208552,
                221116,
                46899764535318732,
                0,
                0
            ],
            "nMops": 0
        },
        "Lab2_1_tb": {
            "start_perf": [
                0.59008908271789551,
                0.066009999999999999,
                0.058435000000000001,
                208552,
                221116,
                1613882783.5738151,
                46899764536152232
            ],
            "nRouts": 29,
            "child_modules": {},
            "nQuads": 172,
            "end_perf": [
                0.62601399421691895,
                0.073356000000000005,
                0.060217,
                209484,
                221116,
                46899764662055074,
                12884901889,
                0
            ],
            "Compiled": "Yes",
            "Compiled Times": 12,
            "nMops": 314
        }
    },
    "stat": {
        "ru_self_end": {
            "ru_maxrss_kb": 65884,
            "ru_utime_sec": 0.079028000000000001,
            "ru_nivcsw": 35,
            "ru_stime_sec": 0.065670999999999993,
            "ru_minflt": 26200,
            "ru_nvcsw": 383,
            "ru_majflt": 0
        },
        "peak_mem_kb": 221116,
        "ru_childs_end": {
            "ru_maxrss_kb": 15464,
            "ru_utime_sec": 0.028018999999999999,
            "ru_nivcsw": 9,
            "ru_stime_sec": 0.034972999999999997,
            "ru_minflt": 6907,
            "ru_nvcsw": 51,
            "ru_majflt": 0
        },
        "cpu_cycles_end": 46899765097944264
    },
    "reusePaths": {
        "amcQw_d": {
            "icPath": "csrc"
        },
        "sCbUH_d": {
            "icPath": "csrc"
        }
    },
    "CompUnits": {},
    "ObjArchives": [
        {
            "archive": "archive.12/_29266_archive_1.a",
            "objects": [
                [
                    "amcQwB.o",
                    98650
                ]
            ],
            "size": 98650
        }
    ]
}