{
    "stat": {
        "ru_self_cgstart": {
            "ru_nivcsw": 30,
            "ru_maxrss_kb": 74168,
            "ru_utime_sec": 0.072783,
            "ru_minflt": 22903,
            "ru_stime_sec": 0.044352000000000003,
            "ru_majflt": 0,
            "ru_nvcsw": 212
        },
        "Frontend(%)": 73.230637641297434,
        "ru_childs_cgstart": {
            "ru_nivcsw": 6,
            "ru_maxrss_kb": 22116,
            "ru_utime_sec": 0.014546,
            "ru_minflt": 6324,
            "ru_stime_sec": 0.016809999999999999,
            "ru_majflt": 0,
            "ru_nvcsw": 17
        },
        "outputSizePerQuad": 146.13145539906102,
        "cpu_cycles_cgstart": 3466060426296652,
        "nQuads": 852,
        "realTime": 0.5707700252532959,
        "nMops": 2672,
        "cpu_cycles_end": 3466061108267234,
        "mop/quad": 3.136150234741784,
        "totalObjSize": 124504,
        "peak_mem_kb": 221420,
        "ru_self_end": {
            "ru_nivcsw": 34,
            "ru_maxrss_kb": 76812,
            "ru_utime_sec": 0.101715,
            "ru_minflt": 25642,
            "ru_stime_sec": 0.063925999999999997,
            "ru_majflt": 0,
            "ru_nvcsw": 300
        },
        "cpu_cycles_total": 1943051492,
        "quadSpeed": 26689.220937881782,
        "ru_childs_end": {
            "ru_nivcsw": 8,
            "ru_maxrss_kb": 22492,
            "ru_utime_sec": 0.017537000000000001,
            "ru_minflt": 6907,
            "ru_stime_sec": 0.019802,
            "ru_majflt": 0,
            "ru_nvcsw": 22
        },
        "mopSpeed": 83701.406509413297,
        "CodeGen(%)": 26.769362358702576
    },
    "cycles_program_begin": 3466059165215742,
    "perf": [
        [
            0.042876958847045898,
            0.040585000000000003,
            0.016233999999999998,
            205888,
            206536,
            1616901580.9554219,
            3466059258975988,
            "doParsingAndDesignResolution",
            "entry"
        ],
        [
            0.05176997184753418,
            0.044135000000000001,
            0.017604000000000002,
            206572,
            207220,
            1616901580.9643149,
            3466059290118600,
            "doParsingAndDesignResolution",
            "exit"
        ],
        [
            0.064346075057983398,
            0.045053999999999997,
            0.017812000000000001,
            206732,
            207220,
            1616901580.976891,
            3466059334210746,
            "doPostDesignResolutionToVir2Vcs",
            "entry"
        ],
        [
            0.085397005081176758,
            0.047425000000000002,
            0.022199,
            211920,
            211924,
            1616901580.997942,
            3466059408093992,
            "doUptoVir2VcsNoSepCleanup",
            "entry"
        ],
        [
            0.26716113090515137,
            0.068178000000000002,
            0.035764999999999998,
            221380,
            221420,
            1616901581.1797061,
            3466060048820324,
            "doUptoVir2VcsNoSepCleanup",
            "exit"
        ],
        [
            0.26839303970336914,
            0.068252999999999994,
            0.036922999999999997,
            221380,
            221420,
            1616901581.180938,
            3466060049240258,
            "doRadify_vir2vcsAll",
            "entry"
        ],
        [
            0.2890770435333252,
            0.071607000000000004,
            0.03916,
            221380,
            221420,
            1616901581.201622,
            3466060121775470,
            "doRadify_vir2vcsAll",
            "exit"
        ],
        [
            0.28916192054748535,
            0.071663000000000004,
            0.039190999999999997,
            221380,
            221420,
            1616901581.2017069,
            3466060122020208,
            "doPostDesignResolutionToVir2Vcs",
            "exit"
        ],
        [
            0.2892301082611084,
            0.071707000000000007,
            0.039215,
            221380,
            221420,
            1616901581.2017751,
            3466060122244404,
            "doGAToPass2",
            "entry"
        ],
        [
            0.37589597702026367,
            0.072689000000000004,
            0.044295000000000001,
            207360,
            221420,
            1616901581.2884409,
            3466060426049700,
            "DoPass2",
            "entry"
        ],
        [
            0.52362203598022461,
            0.098377000000000006,
            0.060553999999999997,
            216872,
            221420,
            1616901581.436167,
            3466060943668638,
            "DoPass2",
            "exit"
        ]
    ],
    "incremental": "on",
    "MlibObjs": {},
    "CurCompileUdps": {},
    "cpu_cycles_pass2_start": 3466060426102724,
    "CompileStatus": "Successful",
    "PEModules": [],
    "CompileStrategy": "fullobj",
    "PrevCompiledModules": {
        "mux_tb": {
            "RWaGB_d": {
                "out": "RWaGB_d.o",
                "bytes": 24416,
                "mod": "mux_tb",
                "checksum": 0,
                "mode": 4,
                "archive": "archive.9/_13031_archive_1.a"
            }
        },
        "...MASTER...": {
            "amcQw_d": {
                "out": "objs/amcQw_d.o",
                "bytes": 7494,
                "mod": "...MASTER...",
                "checksum": 0,
                "mode": 4
            }
        }
    },
    "LVLData": [
        "SIM"
    ],
    "NameTable": {
        "mux_tb": [
            "mux_tb",
            "RWaGB",
            "module",
            1
        ],
        "...MASTER...": [
            "SIM",
            "amcQw",
            "module",
            2
        ]
    },
    "SIMBData": {
        "bytes": 100088,
        "out": "amcQwB.o",
        "archive": "archive.9/_13031_archive_1.a",
        "text": 0
    },
    "CurCompileModules": [
        "...MASTER...",
        "mux_tb",
        "mux_tb"
    ],
    "CompileProcesses": [
        "cgproc.13031.json"
    ],
    "Misc": {
        "cwd": "/home/users7/kg867678/526LSP21/Lab6",
        "default_output_dir": "csrc",
        "vcs_version": "N-2017.12-SP2-2_Full64",
        "master_pid": 13031,
        "vcs_build_date": "Build Date = Aug 15 2018 23:36:09",
        "VCS_HOME": "/opt/synopsys/vcs-mx/N-2017.12-SP2-2",
        "csrc": "csrc",
        "daidir_abs": "/home/users7/kg867678/526LSP21/Lab6/simv.daidir",
        "csrc_abs": "/home/users7/kg867678/526LSP21/Lab6/csrc",
        "daidir": "simv.daidir",
        "archive_dir": "archive.9"
    },
    "rlimit": {
        "stack": -1,
        "data": -1
    }
}