{
    "reusePaths": {},
    "Modules": {
        "D12I1025_NS": {
            "end_perf": [
                0.99729204177856445,
                0.22270999999999999,
                0.090343999999999994,
                217416,
                223064,
                6413638984822412,
                81604378625,
                0
            ],
            "start_perf": [
                0.9908440113067627,
                0.220445,
                0.089653999999999998,
                217416,
                223064,
                1652844265.2687421,
                6413638962190964
            ],
            "nRouts": 9,
            "child_modules": {},
            "Compiled": "Yes",
            "nMops": 69,
            "Compiled Times": 1,
            "nQuads": 32
        },
        "netlist_tb": {
            "end_perf": [
                0.97096800804138184,
                0.20747699999999999,
                0.085743,
                217416,
                223064,
                6413638892613248,
                12884901889,
                0
            ],
            "start_perf": [
                0.85930299758911133,
                0.15836900000000001,
                0.074227000000000001,
                211292,
                223064,
                1652844265.1372011,
                6413638501330946
            ],
            "nRouts": 156,
            "child_modules": {
                "SRAM1RW1024x8_1bit": 8,
                "D12I1025_NS": 8,
                "INVX1_RVT": 22,
                "OAI22X1_RVT": 10
            },
            "Compiled": "Yes",
            "nMops": 4999,
            "Compiled Times": 1,
            "nQuads": 2067
        },
        "...MASTER...": {
            "end_perf": [
                0.85905885696411133,
                0.158137,
                0.074227000000000001,
                211292,
                223064,
                6413638500530420,
                0,
                0
            ],
            "start_perf": [
                0.79406404495239258,
                0.15165899999999999,
                0.069996000000000003,
                209132,
                223064,
                1652844265.0719621,
                6413638272753192
            ],
            "nRouts": 5,
            "child_modules": {
                "netlist_tb": 1
            },
            "nQuads": 0,
            "nMops": 0
        },
        "OAI22X1_RVT": {
            "end_perf": [
                0.9795379638671875,
                0.214196,
                0.087578000000000003,
                217416,
                223064,
                6413638922619766,
                51539607553,
                0
            ],
            "start_perf": [
                0.97322392463684082,
                0.20857600000000001,
                0.086891999999999997,
                217416,
                223064,
                1652844265.251122,
                6413638900450038
            ],
            "nRouts": 10,
            "child_modules": {},
            "Compiled": "Yes",
            "nMops": 624,
            "Compiled Times": 1,
            "nQuads": 125
        },
        "INVX1_RVT": {
            "end_perf": [
                0.97314882278442383,
                0.20857600000000001,
                0.086818000000000006,
                217416,
                223064,
                6413638900244042,
                30064771073,
                0
            ],
            "start_perf": [
                0.97106003761291504,
                0.20754300000000001,
                0.085769999999999999,
                217416,
                223064,
                1652844265.2489581,
                6413638892871658
            ],
            "nRouts": 5,
            "child_modules": {},
            "Compiled": "Yes",
            "nMops": 0,
            "Compiled Times": 1,
            "nQuads": 0
        },
        "SRAM1RW1024x8_1bit": {
            "end_perf": [
                0.99076986312866211,
                0.22039300000000001,
                0.089633000000000004,
                217416,
                223064,
                6413638961978356,
                73014444033,
                0
            ],
            "start_perf": [
                0.97960782051086426,
                0.21424599999999999,
                0.087597999999999995,
                217416,
                223064,
                1652844265.2575059,
                6413638922818100
            ],
            "nRouts": 29,
            "child_modules": {},
            "Compiled": "Yes",
            "nMops": 774,
            "Compiled Times": 41,
            "nQuads": 360
        }
    },
    "stat": {
        "cpu_cycles_end": 6413639418755464,
        "ru_self_end": {
            "ru_nivcsw": 1220,
            "ru_utime_sec": 0.230297,
            "ru_maxrss_kb": 82104,
            "ru_stime_sec": 0.095515000000000003,
            "ru_nvcsw": 495,
            "ru_minflt": 27062,
            "ru_majflt": 0
        },
        "ru_childs_end": {
            "ru_nivcsw": 8,
            "ru_utime_sec": 0.035388999999999997,
            "ru_maxrss_kb": 24360,
            "ru_stime_sec": 0.026332000000000001,
            "ru_nvcsw": 51,
            "ru_minflt": 6925,
            "ru_majflt": 0
        },
        "peak_mem_kb": 223064
    },
    "ObjArchives": [
        {
            "archive": "archive.40/_16407_archive_1.a",
            "objects": [
                [
                    "FmubH_d.o",
                    80722
                ],
                [
                    "NnNIf_d.o",
                    6392
                ],
                [
                    "fhL1z_d.o",
                    11312
                ],
                [
                    "q4pYg_d.o",
                    10654
                ],
                [
                    "z4LDy_d.o",
                    7234
                ],
                [
                    "amcQwB.o",
                    97290
                ]
            ],
            "size": 213604
        }
    ],
    "CompUnits": {
        "amcQw_d": {
            "mod": "...MASTER...",
            "out": "objs/amcQw_d.o",
            "text": 402,
            "bytes": 7502,
            "mode": 4,
            "checksum": 0
        },
        "FmubH_d": {
            "mod": "netlist_tb",
            "out": "FmubH_d.o",
            "archive": "archive.40/_16407_archive_1.a",
            "text": 27695,
            "bytes": 80722,
            "mode": 4,
            "checksum": 0
        },
        "q4pYg_d": {
            "mod": "SRAM1RW1024x8_1bit",
            "out": "q4pYg_d.o",
            "archive": "archive.40/_16407_archive_1.a",
            "text": 2347,
            "bytes": 10654,
            "mode": 4,
            "checksum": 0
        },
        "fhL1z_d": {
            "mod": "OAI22X1_RVT",
            "out": "fhL1z_d.o",
            "archive": "archive.40/_16407_archive_1.a",
            "text": 2433,
            "bytes": 11312,
            "mode": 4,
            "checksum": 0
        },
        "NnNIf_d": {
            "mod": "INVX1_RVT",
            "out": "NnNIf_d.o",
            "archive": "archive.40/_16407_archive_1.a",
            "text": 205,
            "bytes": 6392,
            "mode": 4,
            "checksum": 0
        },
        "z4LDy_d": {
            "mod": "D12I1025_NS",
            "out": "z4LDy_d.o",
            "archive": "archive.40/_16407_archive_1.a",
            "text": 552,
            "bytes": 7234,
            "mode": 4,
            "checksum": 0
        }
    }
}