{
    "Modules": {
        "register_tb": {
            "Compiled Times": 47,
            "start_perf": [
                0.68005704879760742,
                0.099752999999999994,
                0.055982999999999998,
                219720,
                221260,
                1614496796.106704,
                49051256431196742
            ],
            "child_modules": {
                "dff": 8,
                "MUX2_1": 8
            },
            "nMops": 358,
            "Compiled": "Yes",
            "end_perf": [
                0.71823811531066895,
                0.108026,
                0.059671000000000002,
                221680,
                221684,
                49051256565047650,
                25769803777,
                0
            ],
            "nQuads": 159,
            "nRouts": 32
        },
        "...MASTER...": {
            "start_perf": [
                0.60443711280822754,
                0.090382000000000004,
                0.048827000000000002,
                219664,
                221260,
                1614496796.0310841,
                49051256166246336
            ],
            "child_modules": {
                "register_tb": 1
            },
            "end_perf": [
                0.63794612884521484,
                0.094423999999999994,
                0.052343000000000001,
                219688,
                221260,
                49051256283709722,
                0,
                0
            ],
            "nQuads": 0,
            "nMops": 0,
            "nRouts": 5
        },
        "dff": {
            "Compiled Times": 48,
            "start_perf": [
                0.63819408416748047,
                0.094575000000000006,
                0.052427000000000001,
                219688,
                221260,
                1614496796.064841,
                49051256284541928
            ],
            "child_modules": {},
            "nMops": 0,
            "Compiled": "Yes",
            "end_perf": [
                0.66572999954223633,
                0.097828999999999999,
                0.054010000000000002,
                219720,
                221260,
                49051256381037840,
                12884901889,
                0
            ],
            "nQuads": 0,
            "nRouts": 22
        },
        "MUX2_1": {
            "Compiled Times": 47,
            "start_perf": [
                0.66581606864929199,
                0.097886000000000001,
                0.054040999999999999,
                219720,
                221260,
                1614496796.092463,
                49051256381298836
            ],
            "child_modules": {},
            "nMops": 128,
            "Compiled": "Yes",
            "end_perf": [
                0.67997312545776367,
                0.099697999999999995,
                0.055953000000000003,
                219720,
                221260,
                49051256430949702,
                17179869185,
                0
            ],
            "nQuads": 63,
            "nRouts": 14
        }
    },
    "CompUnits": {
        "qvaeK_d": {
            "checksum": 0,
            "mod": "register_tb",
            "text": 2422,
            "out": "qvaeK_d.o",
            "mode": 4,
            "bytes": 15838,
            "archive": "archive.47/_28828_archive_1.a"
        }
    },
    "reusePaths": {
        "amcQw_d": {
            "icPath": "csrc"
        },
        "IWW0i_d": {
            "icPath": "csrc"
        },
        "Rfak2_d": {
            "icPath": "csrc"
        }
    },
    "ObjArchives": [
        {
            "archive": "archive.47/_28828_archive_1.a",
            "objects": [
                [
                    "qvaeK_d.o",
                    15838
                ],
                [
                    "amcQwB.o",
                    99300
                ]
            ],
            "size": 115138
        }
    ],
    "stat": {
        "ru_self_end": {
            "ru_utime_sec": 0.112622,
            "ru_stime_sec": 0.066963999999999996,
            "ru_maxrss_kb": 72780,
            "ru_minflt": 28636,
            "ru_nvcsw": 361,
            "ru_majflt": 0,
            "ru_nivcsw": 45
        },
        "ru_childs_end": {
            "ru_utime_sec": 0.018436000000000001,
            "ru_stime_sec": 0.018605,
            "ru_maxrss_kb": 20240,
            "ru_minflt": 6907,
            "ru_nvcsw": 22,
            "ru_majflt": 0,
            "ru_nivcsw": 8
        },
        "cpu_cycles_end": 49051256803187666,
        "peak_mem_kb": 221708
    }
}