{
    "ObjArchives": [
        {
            "size": 127416,
            "archive": "archive.14/_14541_archive_1.a",
            "objects": [
                [
                    "EiRPr_d.o",
                    27156
                ],
                [
                    "amcQwB.o",
                    100260
                ]
            ]
        }
    ],
    "Modules": {
        "...MASTER...": {
            "start_perf": [
                0.53219914436340332,
                0.070318000000000006,
                0.053497000000000003,
                208496,
                221536,
                1619064302.0942121,
                11044204381992792
            ],
            "nMops": 0,
            "nQuads": 0,
            "child_modules": {
                "std": 1,
                "alu_tb": 1
            },
            "end_perf": [
                0.56671714782714844,
                0.071455000000000005,
                0.059173999999999997,
                210044,
                221536,
                11044204502989008,
                0,
                0
            ],
            "nRouts": 5
        },
        "std": {
            "start_perf": [
                0.56695318222045898,
                0.071578000000000003,
                0.059275000000000001,
                210044,
                221536,
                1619064302.1289661,
                11044204503775434
            ],
            "nMops": 528,
            "child_modules": {},
            "Compiled": "Yes",
            "nQuads": 218,
            "Compiled Times": 13,
            "end_perf": [
                0.60341000556945801,
                0.074625999999999998,
                0.064749000000000001,
                210076,
                221536,
                11044204631547042,
                8589934594,
                0
            ],
            "svclass": [
                "$vcs_nba_dyn_obj",
                0,
                35,
                2,
                2,
                0,
                "sigprop$$",
                0,
                35,
                2,
                2,
                0,
                "process",
                0,
                200,
                8,
                8,
                0,
                "event",
                0,
                34,
                2,
                2,
                0,
                "mailbox",
                0,
                140,
                9,
                9,
                0,
                "semaphore",
                0,
                84,
                5,
                5,
                0
            ],
            "nRouts": 33
        },
        "alu_tb": {
            "start_perf": [
                0.60351109504699707,
                0.074679999999999996,
                0.064796000000000006,
                210076,
                221536,
                1619064302.165524,
                11044204631850058
            ],
            "nMops": 1225,
            "child_modules": {},
            "Compiled": "Yes",
            "nQuads": 708,
            "Compiled Times": 15,
            "significant_routs": [
                [
                    51,
                    "R_VCSgd_EiRPr_33",
                    11996534,
                    2692,
                    426
                ]
            ],
            "end_perf": [
                0.66762018203735352,
                0.096243999999999996,
                0.069995000000000002,
                214324,
                221536,
                11044204856615980,
                17179869185,
                0
            ],
            "nRouts": 86
        }
    },
    "CompUnits": {
        "EiRPr_d": {
            "mod": "alu_tb",
            "archive": "archive.14/_14541_archive_1.a",
            "out": "EiRPr_d.o",
            "text": 10780,
            "bytes": 27156,
            "checksum": 0,
            "mode": 4
        }
    },
    "stat": {
        "peak_mem_kb": 221536,
        "ru_childs_end": {
            "ru_utime_sec": 0.022971999999999999,
            "ru_majflt": 0,
            "ru_minflt": 6907,
            "ru_stime_sec": 0.015115999999999999,
            "ru_nivcsw": 8,
            "ru_maxrss_kb": 23748,
            "ru_nvcsw": 22
        },
        "ru_self_end": {
            "ru_utime_sec": 0.10097200000000001,
            "ru_majflt": 0,
            "ru_minflt": 26357,
            "ru_stime_sec": 0.075729000000000005,
            "ru_nivcsw": 34,
            "ru_maxrss_kb": 78452,
            "ru_nvcsw": 359
        },
        "cpu_cycles_end": 11044205104462810
    },
    "reusePaths": {
        "amcQw_d": {
            "icPath": "csrc"
        },
        "reYIK_d": {
            "icPath": "csrc"
        }
    }
}